identifier,category,description
_1980,Filters,Free
ABG,Filters,Free
Ditto,Filters,Free
KE1,Filters,Free
KV5D,Filters,Free
Lofi_II,Filters,Free
VHS_III,Filters,Free
三洋VPC,Filters,Free
书意,Filters,Free
亢奋,Filters,Free
亮夏,Filters,Free
亮肤,Filters,Free
仲夏绿光,Filters,Free
似锦,Filters,Free
低保真,Filters,Free
侘寂灰,Filters,Free
元气新年,Filters,Free
克洛伊,Filters,Free
冬日烧烤,Filters,Free
冬漫,Filters,Free
冬离,Filters,Free
冰火,Filters,Free
冰肌,Filters,Free
冷气机,Filters,Free
冷白,Filters,Free
冷蓝,Filters,Free
净白肤,Filters,Free
凛冬,Filters,Free
凝黛,Filters,Free
初恋,Filters,Free
千玺IXU,Filters,Free
千里江山,Filters,Free
千金妝,Filters,Free
卡露尔,Filters,Free
即刻春光,Filters,Free
原木,Filters,Free
去黄增质,Filters,Free
去黄提亮,Filters,Free
古早韩系,Filters,Free
古早韩风,Filters,Free
古罗马,Filters,Free
古风影视,Filters,Free
告白,Filters,Free
喜市,Filters,Free
喜庆胶片,Filters,Free
四喜,Filters,Free
圣诞灯光,Filters,Free
圣诞灯光II,Filters,Free
圣诞灯光III,Filters,Free
复古工业,Filters,Free
夏日小美好,Filters,Free
夏日清凉,Filters,Free
夏日辣妹,Filters,Free
夏日风吟,Filters,Free
大唐盛世,Filters,Free
奈良,Filters,Free
奥本海默,Filters,Free
奶杏,Filters,Free
奶油,Filters,Free
奶油肤,Filters,Free
奶绿,Filters,Free
姜饼红,Filters,Free
威尼之都,Filters,Free
安愉,Filters,Free
宫崎漫夏,Filters,Free
富士CC_II,Filters,Free
寻荷,Filters,Free
小镇,Filters,Free
山系,Filters,Free
巧克力,Filters,Free
布兰卡,Filters,Free
布朗,Filters,Free
希望,Filters,Free
幽蓝,Filters,Free
彩果,Filters,Free
彩檐,Filters,Free
影叙,Filters,Free
微澜,Filters,Free
德古拉,Filters,Free
快照I,Filters,Free
忽风,Filters,Free
情感电影,Filters,Free
情绪电影,Filters,Free
扫街,Filters,Free
探店博主III,Filters,Free
摩卡灰,Filters,Free
敦刻尔克,Filters,Free
料理,Filters,Free
新年电影,Filters,Free
新闪,Filters,Free
日出,Filters,Free
日系奶油,Filters,Free
日落橘,Filters,Free
日落飞车,Filters,Free
旧乐园,Filters,Free
旧时代I,Filters,Free
明晰,Filters,Free
星云,Filters,Free
春日绿妍,Filters,Free
昭和夏,Filters,Free
晴好春日,Filters,Free
晴沐,Filters,Free
晴研,Filters,Free
晴颜,Filters,Free
暖食,Filters,Free
暗夜,Filters,Free
暗调氛围,Filters,Free
暗雅,Filters,Free
暮光,Filters,Free
暮色,Filters,Free
月升之国,Filters,Free
月夜,Filters,Free
未央,Filters,Free
朱栗,Filters,Free
松果棕,Filters,Free
林间,Filters,Free
柠檬青,Filters,Free
梵时,Filters,Free
棕咖,Filters,Free
棕宥,Filters,Free
棠梨,Filters,Free
椰林,Filters,Free
椿和,Filters,Free
椿来,Filters,Free
樱粉,Filters,Free
比佛利,Filters,Free
气泡水,Filters,Free
江浙沪,Filters,Free
治愈萌宠,Filters,Free
泥金,Filters,Free
活力夏,Filters,Free
流光金属,Filters,Free
浅岛,Filters,Free
浪漫烟火,Filters,Free
浮生,Filters,Free
海浪梦境,Filters,Free
海街日记,Filters,Free
海雾,Filters,Free
海鸥DC,Filters,Free
深沉,Filters,Free
深秋,Filters,Free
深褐,Filters,Free
清冷,Filters,Free
清冷冬日,Filters,Free
清新,Filters,Free
清新漫和,Filters,Free
清明上河,Filters,Free
清晰明亮,Filters,Free
清晰烟花,Filters,Free
清澈,Filters,Free
清透自然,Filters,Free
温述,Filters,Free
港历,Filters,Free
港风,Filters,Free
演唱会,Filters,Free
漫夏,Filters,Free
漫彩,Filters,Free
漫春,Filters,Free
漫步,Filters,Free
漫谷,Filters,Free
烈焰红,Filters,Free
烘培,Filters,Free
烟岚,Filters,Free
烟火增色,Filters,Free
烟花增强,Filters,Free
烟霞,Filters,Free
熔金,Filters,Free
燃力,Filters,Free
牛皮纸,Filters,Free
珠光蓝,Filters,Free
珠落,Filters,Free
疼痛文学,Filters,Free
病娇,Filters,Free
白皙,Filters,Free
盐岚,Filters,Free
矿野,Filters,Free
砂红,Filters,Free
砾绀,Filters,Free
空灵,Filters,Free
空谷,Filters,Free
竹绢,Filters,Free
米棕,Filters,Free
粉瓷,Filters,Free
粉肤,Filters,Free
粹光,Filters,Free
素肌,Filters,Free
红绿,Filters,Free
绝对红,Filters,Free
绿妍,Filters,Free
美味,Filters,Free
老友记,Filters,Free
胡桃木,Filters,Free
自然,Filters,Free
自然清晰,Filters,Free
自由,Filters,Free
臻金,Filters,Free
花园,Filters,Free
花椿,Filters,Free
花火,Filters,Free
花火夜焰,Filters,Free
花花世界,Filters,Free
落日,Filters,Free
落日海岛,Filters,Free
落日飞车,Filters,Free
落牧,Filters,Free
蒸汽波,Filters,Free
薄荷,Filters,Free
褪色,Filters,Free
西野,Filters,Free
西餐,Filters,Free
谧歌,Filters,Free
贝松绿,Filters,Free
质感暗调,Filters,Free
质感电影,Filters,Free
赛博朋克,Filters,Free
赤陀,Filters,Free
赫本,Filters,Free
赫石,Filters,Free
轻食,Filters,Free
达芬妮,Filters,Free
迈阿密,Filters,Free
酷白,Filters,Free
金属,Filters,Free
闪光灯,Filters,Free
闪胶回忆,Filters,Free
闻香识人,Filters,Free
阿尔菲,Filters,Free
雪鹿,Filters,Free
雾瓷,Filters,Free
青春古早,Filters,Free
青橙,Filters,Free
青橙电影,Filters,Free
青红夜,Filters,Free
音乐节,Filters,Free
风铃,Filters,Free
香松,Filters,Free
高清4K电影,Filters,Free
高清冬日,Filters,Free
高清明亮,Filters,Free
高清润白,Filters,Free
高清烟火,Filters,Free
高清福气,Filters,Free
高饱和,Filters,Free
鬼魅,Filters,Free
鲜亮食光,Filters,Free
鲜美年味,Filters,Free
黑胶唱片,Filters,Free
黑莓,Filters,Free
黑豹,Filters,Free
默片,Filters,Free
_160C,Filters,Free
_2077,Filters,Free
_400H,Filters,Free
_4K画质,Filters,Free
_4K画质电影,Filters,Free
_4K高品质,Filters,Free
_800Z,Filters,Free
_8K画质,Filters,Free
_90s,Filters,Free
City_Walk,Filters,Free
EOS3,Filters,Free
FXN,Filters,Free
GR正片,Filters,Free
GR绿,Filters,Free
GR蓝,Filters,Free
IG白,Filters,Free
INS暗,Filters,Free
INS暗调,Filters,Free
KONICA,Filters,Free
KU4,Filters,Free
PENTAX,Filters,Free
Pocket3,Filters,Free
Y3K,Filters,Free
iPhone6s,Filters,Free
ins古早味,Filters,Free
miu系II,Filters,Free
万圣,Filters,Free
不要抬头,Filters,Free
丝滑皮肤,Filters,Free
中性,Filters,Free
中性II,Filters,Free
中性奶杏,Filters,Free
乐游,Filters,Free
云暖,Filters,Free
京都,Filters,Free
亭竹,Filters,Free
亮丽,Filters,Free
人生之事,Filters,Free
仲夏夜,Filters,Free
仿撕拉片,Filters,Free
伊豆,Filters,Free
伤感故事电影,Filters,Free
伤感电影,Filters,Free
余晖,Filters,Free
佳能G12,Filters,Free
佳能G7X_II,Filters,Free
佳能G7X_III,Filters,Free
佳能清透感,Filters,Free
俏皮萌宠,Filters,Free
俱乐部,Filters,Free
倾森,Filters,Free
假日海滩,Filters,Free
假日电影感,Filters,Free
偏振镜,Filters,Free
傍晚,Filters,Free
元宵祈福,Filters,Free
元气春颜,Filters,Free
元气焕肤,Filters,Free
元气粉肌,Filters,Free
光流,Filters,Free
冬日亮肤,Filters,Free
冬日清寒,Filters,Free
冬日物语,Filters,Free
冬日胶卷,Filters,Free
冬禧,Filters,Free
冬绪电影,Filters,Free
冬雪电影感,Filters,Free
冰夏,Filters,Free
冰清玉洁,Filters,Free
冰清蓝,Filters,Free
冰瀑,Filters,Free
冰茶,Filters,Free
冰蓝印染,Filters,Free
冰雪白,Filters,Free
冷叙,Filters,Free
冷墨,Filters,Free
冷月夜,Filters,Free
冷萃,Filters,Free
冷调CCD,Filters,Free
冷调微曝,Filters,Free
冷透,Filters,Free
净白,Filters,Free
净透,Filters,Free
凛冬电影感,Filters,Free
初雪电影感,Filters,Free
加州落日,Filters,Free
动漫小镇,Filters,Free
劲闯,Filters,Free
北海道II,Filters,Free
千禧潮酷,Filters,Free
半衫,Filters,Free
南法午后,Filters,Free
原生肤,Filters,Free
原生自然,Filters,Free
原野,Filters,Free
去灰,Filters,Free
去灰II,Filters,Free
去灰高清,Filters,Free
去雾,Filters,Free
去黄,Filters,Free
去黄韩系,Filters,Free
反差富士,Filters,Free
反差色,Filters,Free
发光CCD,Filters,Free
叠阳,Filters,Free
古早像素,Filters,Free
古早回忆,Filters,Free
古早回忆录,Filters,Free
古早复古,Filters,Free
古早宝丽来,Filters,Free
古早感胶片,Filters,Free
古早时光,Filters,Free
古早画质,Filters,Free
古早记忆,Filters,Free
古早高曝,Filters,Free
古罗马电影,Filters,Free
古都,Filters,Free
史诗电影,Filters,Free
吉宵,Filters,Free
向晚,Filters,Free
味蕾,Filters,Free
和歌山,Filters,Free
哈苏I,Filters,Free
哈苏II,Filters,Free
哈苏蓝,Filters,Free
哥谭,Filters,Free
喜气新春,Filters,Free
围炉暖食,Filters,Free
国民旧照,Filters,Free
国风电影,Filters,Free
圣善夜,Filters,Free
圣诞回忆录,Filters,Free
圣诞愿景,Filters,Free
圣诞拍立得,Filters,Free
圣诞胶片,Filters,Free
圣诞萌宠,Filters,Free
圣诞闪胶II,Filters,Free
圣诞闪胶III,Filters,Free
城市赏月II,Filters,Free
增色,Filters,Free
增色II,Filters,Free
增质CCD,Filters,Free
增质去雾,Filters,Free
墨林,Filters,Free
墨色胶卷,Filters,Free
复古电影感,Filters,Free
复古蓝调,Filters,Free
夏威夷,Filters,Free
夏日粉,Filters,Free
夏日紫霞,Filters,Free
多巴胺,Filters,Free
夜拍闪曝,Filters,Free
夜拍高光,Filters,Free
夜景人像增强,Filters,Free
夜景去雾,Filters,Free
夜景增色II,Filters,Free
夜焰,Filters,Free
夜雾,Filters,Free
大吉岭,Filters,Free
大疆4Pro,Filters,Free
大疆电影感,Filters,Free
大雪纷飞,Filters,Free
奥林巴斯,Filters,Free
奥罗拉,Filters,Free
奶呼萌宠,Filters,Free
奶昔,Filters,Free
奶油II,Filters,Free
奶油柔肤,Filters,Free
奶油白,Filters,Free
奶油白肤,Filters,Free
奶油美食,Filters,Free
奶油风萌宠,Filters,Free
好莱坞I,Filters,Free
好莱坞II,Filters,Free
好莱坞III,Filters,Free
好莱坞IV,Filters,Free
嬉皮士,Filters,Free
子弹列车,Filters,Free
安塞尔灰调,Filters,Free
安藤调,Filters,Free
安西娅,Filters,Free
宝丽来SX70,Filters,Free
家宴,Filters,Free
宿营,Filters,Free
富士CC_I,Filters,Free
富士NC_I,Filters,Free
富士NC_II,Filters,Free
富士NC_III,Filters,Free
富士NN,Filters,Free
富士XT5,Filters,Free
富士x100,Filters,Free
富士电影,Filters,Free
富士蓝,Filters,Free
富士蓝II,Filters,Free
富士青,Filters,Free
富春山居,Filters,Free
小清新,Filters,Free
小美好,Filters,Free
小麦色,Filters,Free
尘杏,Filters,Free
尘烟,Filters,Free
山晴,Filters,Free
山本,Filters,Free
山海诗篇,Filters,Free
岚夏,Filters,Free
岩灰,Filters,Free
川秋电影感,Filters,Free
川野,Filters,Free
市井,Filters,Free
幽海,Filters,Free
底特律,Filters,Free
庙会,Filters,Free
弥晖,Filters,Free
强曝光,Filters,Free
彩光,Filters,Free
影忆,Filters,Free
影石4k,Filters,Free
影部,Filters,Free
往事,Filters,Free
徕卡I,Filters,Free
徕卡II,Filters,Free
徕卡Q2,Filters,Free
徕卡银盐,Filters,Free
心动夏,Filters,Free
忆山,Filters,Free
忆时,Filters,Free
快照II,Filters,Free
怀旧,Filters,Free
怦然心动,Filters,Free
恍光,Filters,Free
情感故事电影,Filters,Free
情辉,Filters,Free
慕斯,Filters,Free
扬帆远航,Filters,Free
拐杖糖,Filters,Free
捕风,Filters,Free
摩登,Filters,Free
撕拉拍立得,Filters,Free
攀岩,Filters,Free
文艺少女,Filters,Free
新中式电影感,Filters,Free
新宿,Filters,Free
新年喜市,Filters,Free
新年欢愉,Filters,Free
新年电影感,Filters,Free
新年红,Filters,Free
新年红气,Filters,Free
新年顺意,Filters,Free
新颜,Filters,Free
日光吻,Filters,Free
日出增色,Filters,Free
日出时刻,Filters,Free
日料寿司,Filters,Free
日漫增色,Filters,Free
日漫清新,Filters,Free
日系增色,Filters,Free
日系春和,Filters,Free
日落增色,Filters,Free
日落时刻,Filters,Free
日落晚霞,Filters,Free
旧时代II,Filters,Free
旧时来信,Filters,Free
旧曲,Filters,Free
旧金山,Filters,Free
时尚极简,Filters,Free
旷野,Filters,Free
旷野自然,Filters,Free
旷野蓝,Filters,Free
明亮春味,Filters,Free
明亮焕晴,Filters,Free
明媚春景,Filters,Free
明媚春色,Filters,Free
明媚自然,Filters,Free
明媚透亮,Filters,Free
春和,Filters,Free
春喜,Filters,Free
春天淡彩,Filters,Free
春忆胶卷,Filters,Free
春日序,Filters,Free
春日樱,Filters,Free
春日清晰,Filters,Free
春日清透,Filters,Free
春日温柔,Filters,Free
春日美食III,Filters,Free
春日花田,Filters,Free
春日花间,Filters,Free
春日韩胶,Filters,Free
春桃肤,Filters,Free
春橙肤,Filters,Free
春游踏青,Filters,Free
春禧电影感,Filters,Free
春风,Filters,Free
昭和,Filters,Free
晚宴,Filters,Free
晚柠,Filters,Free
晚樱,Filters,Free
晨旭,Filters,Free
普林斯顿,Filters,Free
景明,Filters,Free
晴冬暖阳,Filters,Free
晴天,Filters,Free
晴天亮丽,Filters,Free
晴天增色,Filters,Free
晴天灿烂,Filters,Free
晴好,Filters,Free
晴好风光,Filters,Free
晴山质感,Filters,Free
晴春,Filters,Free
晴春奶蓝,Filters,Free
晴朗,Filters,Free
晴海,Filters,Free
晴秋,Filters,Free
晴空,Filters,Free
晴空漫游,Filters,Free
晴肤,Filters,Free
晴谷,Filters,Free
晶莹雪肤,Filters,Free
晶透,Filters,Free
智能光线,Filters,Free
暖晨,Filters,Free
暖阳冬日,Filters,Free
暖雾晨光,Filters,Free
暖食增色,Filters,Free
暖黄,Filters,Free
暗光提亮,Filters,Free
暗匣,Filters,Free
暗夜明肤,Filters,Free
暗影,Filters,Free
暗曛,Filters,Free
暗蓝电影,Filters,Free
暗蓝电影感,Filters,Free
暗调发光,Filters,Free
暗调古风,Filters,Free
暗调复古电影,Filters,Free
暗调电影,Filters,Free
暗调纪实电影,Filters,Free
暗调阴郁,Filters,Free
暗部漫游,Filters,Free
暗金,Filters,Free
暗银,Filters,Free
暗银II,Filters,Free
暗黑玫瑰,Filters,Free
暮信,Filters,Free
暮川,Filters,Free
暮樱,Filters,Free
暮涛,Filters,Free
暮色约会,Filters,Free
曼波,Filters,Free
月吟,Filters,Free
月辉,Filters,Free
朦胧气质棕,Filters,Free
木葵,Filters,Free
末世天使,Filters,Free
杏铃,Filters,Free
松绿,Filters,Free
果酥,Filters,Free
柏林,Filters,Free
柔光,Filters,Free
柔焦,Filters,Free
柔雾感,Filters,Free
柠青,Filters,Free
柯达金200,Filters,Free
栖海,Filters,Free
栩栩,Filters,Free
格金,Filters,Free
桃木,Filters,Free
桃粉,Filters,Free
桐影,Filters,Free
梦境,Filters,Free
梦幻夏,Filters,Free
梦核紫,Filters,Free
梨花白,Filters,Free
梨花白皙,Filters,Free
棕榈,Filters,Free
森山,Filters,Free
森林徒步,Filters,Free
森秋,Filters,Free
森绿,Filters,Free
樱晴,Filters,Free
樱花粉肤,Filters,Free
橘光,Filters,Free
橘海,Filters,Free
橙蓝,Filters,Free
欧若淡彩,Filters,Free
殷粉,Filters,Free
毕业胶片,Filters,Free
气色,Filters,Free
气色透亮,Filters,Free
氧气春日,Filters,Free
氧气甜白,Filters,Free
水光红润,Filters,Free
水墨意境,Filters,Free
沙漫,Filters,Free
沙砾,Filters,Free
沙龙暖调,Filters,Free
治愈奶萌,Filters,Free
法式少女,Filters,Free
法式甜粉,Filters,Free
法餐,Filters,Free
洋气新年,Filters,Free
洛丽塔粉,Filters,Free
浅空,Filters,Free
浅绿微曝,Filters,Free
浅茶,Filters,Free
浅草,Filters,Free
浓咖,Filters,Free
浓调电影,Filters,Free
浓郁增色,Filters,Free
浓郁日落,Filters,Free
浓郁电影感,Filters,Free
浓郁秋意,Filters,Free
浓郁胶卷,Filters,Free
浪漫质感,Filters,Free
浪语,Filters,Free
海上冲浪,Filters,Free
海山,Filters,Free
海松,Filters,Free
海水正蓝,Filters,Free
海盐,Filters,Free
海盐蓝,Filters,Free
海边胶片,Filters,Free
润光,Filters,Free
涩谷,Filters,Free
淡奶油,Filters,Free
深蓝电影感,Filters,Free
清冷国风,Filters,Free
清冷情绪感,Filters,Free
清冷暗黑,Filters,Free
清冷破碎III,Filters,Free
清新感,Filters,Free
清新明亮,Filters,Free
清新春日,Filters,Free
清新晴空,Filters,Free
清新暖食,Filters,Free
清新氧晴,Filters,Free
清新绿妍,Filters,Free
清新花妍,Filters,Free
清新质感,Filters,Free
清新透亮,Filters,Free
清新雪肤,Filters,Free
清晰,Filters,Free
清晰ll,Filters,Free
清晰严冬,Filters,Free
清晰净透,Filters,Free
清晰增强,Filters,Free
清晰增色,Filters,Free
清晰增质,Filters,Free
清晰提升,Filters,Free
清晰电影,Filters,Free
清晰画质,Filters,Free
清晰自然,Filters,Free
清晰花朵,Filters,Free
清晰萌宠,Filters,Free
清晰质感,Filters,Free
清晰透亮,Filters,Free
清透II,Filters,Free
清透光感,Filters,Free
清透感,Filters,Free
清透春日,Filters,Free
清透美食,Filters,Free
清透萌宠,Filters,Free
港风复古,Filters,Free
港风夜景,Filters,Free
港风电影,Filters,Free
湖畔,Filters,Free
漠土,Filters,Free
漫樱,Filters,Free
漫空,Filters,Free
漫荫,Filters,Free
漫银纪元,Filters,Free
漱石,Filters,Free
潘多拉,Filters,Free
灯会,Filters,Free
灯塔,Filters,Free
灰芋,Filters,Free
灰调中性,Filters,Free
灰调日常,Filters,Free
灰麻,Filters,Free
灿金彩带,Filters,Free
炊烟,Filters,Free
烈日,Filters,Free
烈空,Filters,Free
烘挞,Filters,Free
烛光晚餐,Filters,Free
烟橙,Filters,Free
烟火年年,Filters,Free
烟火迎春,Filters,Free
烟花去雾,Filters,Free
烟花灿烂,Filters,Free
烟花璀璨,Filters,Free
烟花璀璨_II,Filters,Free
热带季风,Filters,Free
热显宝丽来,Filters,Free
热气腾腾,Filters,Free
焕肤,Filters,Free
焰色,Filters,Free
熏柏,Filters,Free
燃空,Filters,Free
爱丽丝,Filters,Free
爱之城,Filters,Free
爱之城II,Filters,Free
牙白,Filters,Free
牛奶肌,Filters,Free
牧野,Filters,Free
独行侠,Filters,Free
猎梦,Filters,Free
玄影灵,Filters,Free
玩趣,Filters,Free
琥珀,Filters,Free
璀璨,Filters,Free
甜妹感,Filters,Free
甜心芭比,Filters,Free
田园野餐,Filters,Free
电影光感,Filters,Free
电影叙事感,Filters,Free
电影境遇,Filters,Free
电影增强,Filters,Free
电影增质,Filters,Free
电影大师,Filters,Free
电影往事,Filters,Free
电影感增强,Filters,Free
电影感大片,Filters,Free
电影慢镜,Filters,Free
电影慢镜II,Filters,Free
电影柔光,Filters,Free
电影校正,Filters,Free
电影独白,Filters,Free
电影画质,Filters,Free
电影葡街,Filters,Free
电影镜头,Filters,Free
画报,Filters,Free
画质修复,Filters,Free
画质增蓝,Filters,Free
画质高清,Filters,Free
登高,Filters,Free
白富美,Filters,Free
白瓷亮肤,Filters,Free
白皙丝绸,Filters,Free
白皙去黄,Filters,Free
百川,Filters,Free
盐系,Filters,Free
石山,Filters,Free
砂金,Filters,Free
破晓,Filters,Free
硬朗,Filters,Free
硬朗男孩,Filters,Free
碎芒,Filters,Free
碳烤,Filters,Free
福桔,Filters,Free
福气新年,Filters,Free
福气新春,Filters,Free
福漫,Filters,Free
福运,Filters,Free
禾美,Filters,Free
私语,Filters,Free
秋叶黄,Filters,Free
秋季电影感,Filters,Free
秋意电影感,Filters,Free
秋日物语II,Filters,Free
秋日自然,Filters,Free
秋池,Filters,Free
秋波,Filters,Free
秋田胶片,Filters,Free
科切拉,Filters,Free
科幻星球,Filters,Free
简餐,Filters,Free
粉柔撕拉片,Filters,Free
粉橘,Filters,Free
粉白,Filters,Free
粉白微曝光,Filters,Free
粉蓝烟花,Filters,Free
粉霞,Filters,Free
素净,Filters,Free
素简,Filters,Free
紫霞时分,Filters,Free
繁花似锦,Filters,Free
繁花如梦,Filters,Free
繁花璀璨,Filters,Free
红运,Filters,Free
纪实电影,Filters,Free
纪实电影胶片,Filters,Free
纱雾,Filters,Free
织乐,Filters,Free
经典港风,Filters,Free
绿妍II,Filters,Free
绿野,Filters,Free
绿野漫旅,Filters,Free
缎光肌,Filters,Free
美味brunch,Filters,Free
美好春日,Filters,Free
美好瞬间,Filters,Free
美拉德,Filters,Free
美食增色,Filters,Free
美高,Filters,Free
羽梦,Filters,Free
聆时,Filters,Free
聚焦,Filters,Free
背景增色,Filters,Free
胶片微曝,Filters,Free
胶片电影,Filters,Free
自然增色,Filters,Free
自然明亮,Filters,Free
自然春色,Filters,Free
艾丽莎,Filters,Free
芭比,Filters,Free
花容,Filters,Free
花火增色,Filters,Free
花间,Filters,Free
花食,Filters,Free
苍橘,Filters,Free
苏打气泡,Filters,Free
苦尽柑来,Filters,Free
苦檀,Filters,Free
英伦复古,Filters,Free
茶卡盐湖,Filters,Free
茶墨,Filters,Free
茶酪,Filters,Free
荒原风光,Filters,Free
莫吉托,Filters,Free
莫奈睡莲,Filters,Free
莫奈花园,Filters,Free
菁润明肤,Filters,Free
萌宠,Filters,Free
落日派对,Filters,Free
落日电影,Filters,Free
落日粉,Filters,Free
落日鎏金,Filters,Free
蒸汽机,Filters,Free
蓝梦核,Filters,Free
蓝橙II,Filters,Free
蓝灰,Filters,Free
蓝调,Filters,Free
蓝调烟火,Filters,Free
蓝调舞曲,Filters,Free
蓝都,Filters,Free
蓝金,Filters,Free
蔚蓝海域,Filters,Free
薄绿,Filters,Free
薄荷奶绿,Filters,Free
薰草,Filters,Free
藤宅,Filters,Free
街头,Filters,Free
褪色胶卷,Filters,Free
西冷,Filters,Free
西西里,Filters,Free
西部峡谷,Filters,Free
西雅图,Filters,Free
诗诺,Filters,Free
诗野,Filters,Free
贝果,Filters,Free
质感增蓝,Filters,Free
质感新中式,Filters,Free
质感晴春,Filters,Free
赏味,Filters,Free
超清4K,Filters,Free
超清电影,Filters,Free
超清电影卷,Filters,Free
超清画质,Filters,Free
超白,Filters,Free
超透白皙,Filters,Free
超高清,Filters,Free
越岭,Filters,Free
越野,Filters,Free
轻古早,Filters,Free
轻氧夏,Filters,Free
轻肤III,Filters,Free
轻胶少女,Filters,Free
过期电影卷,Filters,Free
运动质感,Filters,Free
迷幻,Filters,Free
迷雾,Filters,Free
逆光拯救,Filters,Free
逆光提亮,Filters,Free
透氧肌肤,Filters,Free
通透,Filters,Free
通透暖食,Filters,Free
通透氧感,Filters,Free
邂逅,Filters,Free
郁金香,Filters,Free
都卡,Filters,Free
都城,Filters,Free
都市,Filters,Free
都市电影II,Filters,Free
酚蓝,Filters,Free
酷感辣妹,Filters,Free
酷绿,Filters,Free
醒春,Filters,Free
里昂,Filters,Free
野林,Filters,Free
野趣,Filters,Free
金姜,Filters,Free
金粉飘落,Filters,Free
铅绿,Filters,Free
银蓝,Filters,Free
镜粉,Filters,Free
闪星,Filters,Free
闪耀派对,Filters,Free
阳光肤,Filters,Free
阴天拯救,Filters,Free
陶瓷肌,Filters,Free
随性,Filters,Free
雀染,Filters,Free
雅西卡,Filters,Free
雨皂,Filters,Free
雨空,Filters,Free
雪地胶片,Filters,Free
雪地胶片II,Filters,Free
雪地胶片III,Filters,Free
雪挞,Filters,Free
雪白肤III,Filters,Free
雪白透亮,Filters,Free
雾都,Filters,Free
雾野,Filters,Free
青提,Filters,Free
青春照,Filters,Free
青春胶片,Filters,Free
青森,Filters,Free
青橙电影感,Filters,Free
青灰,Filters,Free
青蒲,Filters,Free
青黄,Filters,Free
青黄II,Filters,Free
韦斯,Filters,Free
韩女古早,Filters,Free
韩式古早,Filters,Free
韩系INS,Filters,Free
风味,Filters,Free
风铃II,Filters,Free
风铃蓝,Filters,Free
飒意,Filters,Free
食光II,Filters,Free
食色,Filters,Free
香浓,Filters,Free
驮月,Filters,Free
高晴画质,Filters,Free
高清,Filters,Free
高清4k电影,Filters,Free
高清II,Filters,Free
高清中性灰,Filters,Free
高清亮粉,Filters,Free
高清修复,Filters,Free
高清修复III,Filters,Free
高清冷冬,Filters,Free
高清圣诞,Filters,Free
高清增强,Filters,Free
高清增色,Filters,Free
高清增质,Filters,Free
高清寒冬,Filters,Free
高清影视,Filters,Free
高清感,Filters,Free
高清感II,Filters,Free
高清感III,Filters,Free
高清提亮,Filters,Free
高清提升,Filters,Free
高清春日,Filters,Free
高清晴天,Filters,Free
高清晴日,Filters,Free
高清暖调,Filters,Free
高清润颜,Filters,Free
高清漫晴,Filters,Free
高清焕晴,Filters,Free
高清电影,Filters,Free
高清电影卷,Filters,Free
高清画质,Filters,Free
高清绿妍,Filters,Free
高清美食,Filters,Free
高清自然,Filters,Free
高清质感,Filters,Free
高清雪景,Filters,Free
高清雪肤,Filters,Free
高清鲜明,Filters,Free
高清黑白,Filters,Free
高清默冬,Filters,Free
高级影视,Filters,Free
高级质感,Filters,Free
高街,Filters,Free
高质感电影,Filters,Free
魅影,Filters,Free
魔都,Filters,Free
鲜亮,Filters,Free
鲜明,Filters,Free
鲜明II,Filters,Free
鲜明增色,Filters,Free
鲜美,Filters,Free
鲜艳增色,Filters,Free
鲜花增彩,Filters,Free
鲜花增色,Filters,Free
鲜花增艳,Filters,Free
鲜花自然,Filters,Free
鲜萃食光,Filters,Free
鸿运新春,Filters,Free
鹅冠,Filters,Free
麋鹿,Filters,Free
黄昏,Filters,Free
黑冰,Filters,Free
黑暗神话,Filters,Free
黑曜,Filters,Free
黑白记忆,Filters,Free
黑金,Filters,Free
黑金红,Filters,Free
黛瓦,Filters,Free
龙舌兰,Filters,Free