identifier,category,type,description
Kira游动,Text Animations,TextIntro,Free
上下抖动,Text Animations,TextIntro,Free
动感放大,Text Animations,TextIntro,Free
动感缩小,Text Animations,TextIntro,Free
向上滑动,Text Animations,TextIntro,Free
向上转入,Text Animations,TextIntro,Free
向上转入_II,Text Animations,TextIntro,Free
向下滑动,Text Animations,TextIntro,Free
向下甩入,Text Animations,TextIntro,Free
向右上甩入,Text Animations,TextIntro,Free
向右下甩入,Text Animations,TextIntro,Free
向右滑动,Text Animations,TextIntro,Free
向右甩入,Text Animations,TextIntro,Free
向右转入,Text Animations,TextIntro,Free
向左上甩入,Text Animations,TextIntro,Free
向左下甩入,Text Animations,TextIntro,Free
向左滑动,Text Animations,TextIntro,Free
向左转入,Text Animations,TextIntro,Free
左右抖动,Text Animations,TextIntro,Free
抖动下降,Text Animations,TextIntro,Free
折叠开幕,Text Animations,TextIntro,Free
放大,Text Animations,TextIntro,Free
斜切,Text Animations,TextIntro,Free
旋转,Text Animations,TextIntro,Free
旋转开幕,Text Animations,TextIntro,Free
渐显,Text Animations,TextIntro,Free
漩涡旋转,Text Animations,TextIntro,Free
缩小,Text Animations,TextIntro,Free
翻入,Text Animations,TextIntro,Free
跳转开幕,Text Animations,TextIntro,Free
轻微抖动,Text Animations,TextIntro,Free
轻微抖动_II,Text Animations,TextIntro,Free
轻微抖动_III,Text Animations,TextIntro,Free
轻微放大,Text Animations,TextIntro,Free
钟摆,Text Animations,TextIntro,Free
镜像翻转,Text Animations,TextIntro,Free
雨刷,Text Animations,TextIntro,Free
雨刷_II,Text Animations,TextIntro,Free
_2024,Text Animations,TextIntro,Free
_2025,Text Animations,TextIntro,Free
PASSION,Text Animations,TextIntro,Free
三屏下滑,Text Animations,TextIntro,Free
三屏切闪,Text Animations,TextIntro,Free
九宫格,Text Animations,TextIntro,Free
交叉震动,Text Animations,TextIntro,Free
交错开幕,Text Animations,TextIntro,Free
侧滑,Text Animations,TextIntro,Free
便利贴,Text Animations,TextIntro,Free
冬季雪花,Text Animations,TextIntro,Free
冰块,Text Animations,TextIntro,Free
冰雪融化,Text Animations,TextIntro,Free
冲撞,Text Animations,TextIntro,Free
分屏横移,Text Animations,TextIntro,Free
分屏组合,Text Animations,TextIntro,Free
分屏翻转,Text Animations,TextIntro,Free
分身模糊,Text Animations,TextIntro,Free
划水,Text Animations,TextIntro,Free
区域色块滑动,Text Animations,TextIntro,Free
十字震动,Text Animations,TextIntro,Free
卡片扫光,Text Animations,TextIntro,Free
发光矩形,Text Animations,TextIntro,Free
变速扩大,Text Animations,TextIntro,Free
变速时空,Text Animations,TextIntro,Free
向上滚动,Text Animations,TextIntro,Free
向上闪入,Text Animations,TextIntro,Free
向下甩动,Text Animations,TextIntro,Free
四屏转换,Text Animations,TextIntro,Free
圆形开幕,Text Animations,TextIntro,Free
多层环形,Text Animations,TextIntro,Free
多屏分割I,Text Animations,TextIntro,Free
多屏分割II,Text Animations,TextIntro,Free
多维空间,Text Animations,TextIntro,Free
展开,Text Animations,TextIntro,Free
幸运圣诞树,Text Animations,TextIntro,Free
开辟2025,Text Animations,TextIntro,Free
弹力分割,Text Animations,TextIntro,Free
弹近,Text Animations,TextIntro,Free
录像带分屏,Text Animations,TextIntro,Free
心形放大,Text Animations,TextIntro,Free
快速翻页,Text Animations,TextIntro,Free
手写云朵,Text Animations,TextIntro,Free
手机倒数,Text Animations,TextIntro,Free
扫描,Text Animations,TextIntro,Free
抖动变焦,Text Animations,TextIntro,Free
抖动横移,Text Animations,TextIntro,Free
报纸拼贴,Text Animations,TextIntro,Free
报纸拼贴II,Text Animations,TextIntro,Free
拉丝滑入,Text Animations,TextIntro,Free
拼图,Text Animations,TextIntro,Free
探灯聚焦,Text Animations,TextIntro,Free
斜向拉丝,Text Animations,TextIntro,Free
旋转圆球,Text Animations,TextIntro,Free
时间倒计时,Text Animations,TextIntro,Free
晃动抽帧,Text Animations,TextIntro,Free
曝光放射,Text Animations,TextIntro,Free
果冻_I,Text Animations,TextIntro,Free
果冻_II,Text Animations,TextIntro,Free
枫叶遮罩,Text Animations,TextIntro,Free
模糊聚焦,Text Animations,TextIntro,Free
横向模糊,Text Animations,TextIntro,Free
水墨,Text Animations,TextIntro,Free
水滴遮罩,Text Animations,TextIntro,Free
油画描边变色,Text Animations,TextIntro,Free
波纹弹动,Text Animations,TextIntro,Free
流金,Text Animations,TextIntro,Free
游蛇开幕,Text Animations,TextIntro,Free
滑片滑动,Text Animations,TextIntro,Free
灼烧出现,Text Animations,TextIntro,Free
点开,Text Animations,TextIntro,Free
烟雾弹,Text Animations,TextIntro,Free
照片回忆,Text Animations,TextIntro,Free
爱心碰撞,Text Animations,TextIntro,Free
玫瑰,Text Animations,TextIntro,Free
玻璃聚集,Text Animations,TextIntro,Free
画出爱心,Text Animations,TextIntro,Free
画面擦除,Text Animations,TextIntro,Free
砸出波纹,Text Animations,TextIntro,Free
神奇弹窗,Text Animations,TextIntro,Free
空间扭曲,Text Animations,TextIntro,Free
立体交叉,Text Animations,TextIntro,Free
立体翻转,Text Animations,TextIntro,Free
立方分体,Text Animations,TextIntro,Free
竖向拼接,Text Animations,TextIntro,Free
粒子爱心,Text Animations,TextIntro,Free
翻书,Text Animations,TextIntro,Free
翻卡,Text Animations,TextIntro,Free
老电视,Text Animations,TextIntro,Free
聚合,Text Animations,TextIntro,Free
能量立方,Text Animations,TextIntro,Free
脉冲,Text Animations,TextIntro,Free
色散波纹,Text Animations,TextIntro,Free
荧光爆闪,Text Animations,TextIntro,Free
负片闪屏,Text Animations,TextIntro,Free
转圈圈,Text Animations,TextIntro,Free
迷幻流光,Text Animations,TextIntro,Free
金沙,Text Animations,TextIntro,Free
钱币遮罩,Text Animations,TextIntro,Free
镜面组成,Text Animations,TextIntro,Free
闪屏,Text Animations,TextIntro,Free
闪现,Text Animations,TextIntro,Free
闪电分屏,Text Animations,TextIntro,Free
雪花遮罩,Text Animations,TextIntro,Free
震动波纹,Text Animations,TextIntro,Free
震撼倒数,Text Animations,TextIntro,Free
震波,Text Animations,TextIntro,Free
震波_II,Text Animations,TextIntro,Free
震波_III,Text Animations,TextIntro,Free
鞭炮遮罩,Text Animations,TextIntro,Free
音量大小,Text Animations,TextIntro,Free
飞近,Text Animations,TextIntro,Free
马赛克,Text Animations,TextIntro,Free
魔方_III,Text Animations,TextIntro,Free
魔法粒子I,Text Animations,TextIntro,Free
魔法粒子II,Text Animations,TextIntro,Free
黑白画中画,Text Animations,TextIntro,Free
Kira游动,Text Animations,TextOutro,Free
冰雪融化,Text Animations,TextOutro,Free
向上滑动,Text Animations,TextOutro,Free
向上转出,Text Animations,TextOutro,Free
向上转出_II,Text Animations,TextOutro,Free
向下滑动,Text Animations,TextOutro,Free
向右滑动,Text Animations,TextOutro,Free
向左滑动,Text Animations,TextOutro,Free
折叠闭幕,Text Animations,TextOutro,Free
放大,Text Animations,TextOutro,Free
斜切,Text Animations,TextOutro,Free
旋转,Text Animations,TextOutro,Free
旋转闭幕,Text Animations,TextOutro,Free
渐隐,Text Animations,TextOutro,Free
漩涡旋转,Text Animations,TextOutro,Free
灼烧出现,Text Animations,TextOutro,Free
缩小,Text Animations,TextOutro,Free
翻出,Text Animations,TextOutro,Free
跳转闭幕,Text Animations,TextOutro,Free
轻微放大,Text Animations,TextOutro,Free
镜像翻转,Text Animations,TextOutro,Free
_2024,Text Animations,TextOutro,Free
_2025,Text Animations,TextOutro,Free
PASSION,Text Animations,TextOutro,Free
三屏下滑,Text Animations,TextOutro,Free
三屏切闪,Text Animations,TextOutro,Free
九宫格,Text Animations,TextOutro,Free
交叉震动,Text Animations,TextOutro,Free
交错闭幕,Text Animations,TextOutro,Free
侧滑,Text Animations,TextOutro,Free
便利贴,Text Animations,TextOutro,Free
冬季雪花,Text Animations,TextOutro,Free
冰块,Text Animations,TextOutro,Free
冲撞,Text Animations,TextOutro,Free
分屏横移,Text Animations,TextOutro,Free
分屏组合,Text Animations,TextOutro,Free
分屏翻转,Text Animations,TextOutro,Free
分身模糊,Text Animations,TextOutro,Free
划水,Text Animations,TextOutro,Free
区域色块滑动,Text Animations,TextOutro,Free
十字震动,Text Animations,TextOutro,Free
卡片扫光,Text Animations,TextOutro,Free
发光矩形,Text Animations,TextOutro,Free
变速扩大,Text Animations,TextOutro,Free
变速时空,Text Animations,TextOutro,Free
向上滚动,Text Animations,TextOutro,Free
向上闪出,Text Animations,TextOutro,Free
向下甩动,Text Animations,TextOutro,Free
四屏转换,Text Animations,TextOutro,Free
圆形闭幕,Text Animations,TextOutro,Free
多层环形,Text Animations,TextOutro,Free
多屏分割I,Text Animations,TextOutro,Free
多屏分割II,Text Animations,TextOutro,Free
多维空间,Text Animations,TextOutro,Free
幕布,Text Animations,TextOutro,Free
幸运圣诞树,Text Animations,TextOutro,Free
弹力分割,Text Animations,TextOutro,Free
弹远,Text Animations,TextOutro,Free
录像带分屏,Text Animations,TextOutro,Free
心形缩小,Text Animations,TextOutro,Free
快速翻页,Text Animations,TextOutro,Free
手写云朵,Text Animations,TextOutro,Free
扫描,Text Animations,TextOutro,Free
抖动变焦,Text Animations,TextOutro,Free
抖动横移,Text Animations,TextOutro,Free
折叠,Text Animations,TextOutro,Free
报纸拼贴,Text Animations,TextOutro,Free
报纸拼贴II,Text Animations,TextOutro,Free
拉丝滑出,Text Animations,TextOutro,Free
拼图,Text Animations,TextOutro,Free
探灯聚焦,Text Animations,TextOutro,Free
斜向拉丝,Text Animations,TextOutro,Free
旋转圆球,Text Animations,TextOutro,Free
晃动抽帧,Text Animations,TextOutro,Free
曝光放射,Text Animations,TextOutro,Free
枫叶遮罩,Text Animations,TextOutro,Free
模糊聚焦,Text Animations,TextOutro,Free
横向模糊,Text Animations,TextOutro,Free
水墨,Text Animations,TextOutro,Free
水滴遮罩,Text Animations,TextOutro,Free
油画描边变色,Text Animations,TextOutro,Free
波纹弹动,Text Animations,TextOutro,Free
流金,Text Animations,TextOutro,Free
滑片滑动,Text Animations,TextOutro,Free
烟雾弹,Text Animations,TextOutro,Free
照片回忆,Text Animations,TextOutro,Free
爱心碰撞,Text Animations,TextOutro,Free
玫瑰,Text Animations,TextOutro,Free
玻璃爆开,Text Animations,TextOutro,Free
画出爱心,Text Animations,TextOutro,Free
画面擦除,Text Animations,TextOutro,Free
砸出波纹,Text Animations,TextOutro,Free
空间扭曲,Text Animations,TextOutro,Free
立体交叉,Text Animations,TextOutro,Free
立体翻转,Text Animations,TextOutro,Free
立方合体,Text Animations,TextOutro,Free
竖向拼接,Text Animations,TextOutro,Free
粒子爱心,Text Animations,TextOutro,Free
翻卡,Text Animations,TextOutro,Free
老电视,Text Animations,TextOutro,Free
能量立方,Text Animations,TextOutro,Free
脉冲,Text Animations,TextOutro,Free
色散波纹,Text Animations,TextOutro,Free
荧光爆闪,Text Animations,TextOutro,Free
负片闪屏,Text Animations,TextOutro,Free
转圈圈,Text Animations,TextOutro,Free
迷幻流光,Text Animations,TextOutro,Free
金沙,Text Animations,TextOutro,Free
钱币遮罩,Text Animations,TextOutro,Free
镜面拆分,Text Animations,TextOutro,Free
闪屏,Text Animations,TextOutro,Free
闪现,Text Animations,TextOutro,Free
闪电分屏,Text Animations,TextOutro,Free
雪花遮罩,Text Animations,TextOutro,Free
震动波纹,Text Animations,TextOutro,Free
震波_III,Text Animations,TextOutro,Free
鞭炮遮罩,Text Animations,TextOutro,Free
音量大小,Text Animations,TextOutro,Free
飘散,Text Animations,TextOutro,Free
飞远,Text Animations,TextOutro,Free
马赛克,Text Animations,TextOutro,Free
魔法粒子I,Text Animations,TextOutro,Free
魔法粒子II,Text Animations,TextOutro,Free
黑白画中画,Text Animations,TextOutro,Free